{"py/object": "rasa_core.featurizers.MaxHistoryTrackerFeaturizer", "max_history": 5, "remove_duplicates": true, "state_featurizer": {"py/object": "rasa_core.featurizers.BinarySingleStateFeaturizer", "input_state_map": {"entity_budget": 10, "entity_cuisine": 8, "entity_email": 9, "entity_location": 7, "intent_affirm": 1, "intent_deny": 2, "intent_goodbye": 3, "intent_greet": 0, "intent_restaurant_search": 5, "intent_send_email": 6, "intent_thankyou": 4, "prev_action_check_location": 36, "prev_action_default_fallback": 20, "prev_action_listen": 18, "prev_action_restart": 19, "prev_action_restaurant": 34, "prev_action_send_email": 35, "prev_utter_ask_cuisine": 26, "prev_utter_ask_email_id": 28, "prev_utter_ask_howcanhelp": 24, "prev_utter_ask_location": 25, "prev_utter_ask_price": 31, "prev_utter_ask_restaurant_details_required": 27, "prev_utter_default": 23, "prev_utter_email_sent": 29, "prev_utter_goodbye": 22, "prev_utter_greet": 21, "prev_utter_location_not_found": 33, "prev_utter_no_email_sent": 30, "prev_utter_searching": 32, "slot_budget_0": 11, "slot_cuisine_0": 12, "slot_email_0": 13, "slot_email_body_0": 14, "slot_location_0": 15, "slot_location_match_0": 16, "slot_location_match_1": 17}, "num_features": 37, "slot_feature_len": 7, "user_feature_len": 11}, "use_intent_probabilities": false}