{
  "chinese": "chinese",
  "chines": "chinese",
  "bengaluru": "bangalore",
  "bombai": "mumbai",
  "bombay": "mumbai",
  "calcutta": "kolkata",
  "cochin": "kochi",
  "madras": "chennai",
  "mysuru": "mysore",
  "pune": "pune",
  "poona": "pune",
  "delhi": "delhi",
  "dilli": "delhi",
  "new delhi": "delhi",
  "moderate": "699",
  "four": "4",
  "<250": "250",
  "cheap": "399",
  "costly": "701",
  "pocket-friendly": "399",
  "pocket friendly": "399",
  "350": "399",
  "costliest": "701"
}